path,category,origin,added,removed,changed,net,binary
".env.example","tooling-config","upstream","3","0","3","3","false"
".gitattributes","tooling-config","upstream","6","1","7","5","false"
".github/workflows/backend.yaml","tooling-config","upstream","11","0","11","11","false"
".github/workflows/frontend.yaml","tooling-config","upstream","22","1","23","21","false"
".github/workflows/release.yml","tooling-config","upstream","24","3","27","21","false"
".gitignore","tooling-config","upstream","11","0","11","11","false"
"Dockerfile","tooling-config","upstream","5","0","5","5","false"
"LICENSE_NOTICE","docs","upstream","13","0","13","13","false"
"backend/open_webui/config.py","production","upstream","4","2","6","2","false"
"backend/open_webui/env.py","production","upstream","6","0","6","6","false"
"backend/open_webui/main.py","production","upstream","6","1","7","5","false"
"backend/open_webui/models/chats.py","production","upstream","115","0","115","115","false"
"backend/open_webui/models/notes.py","production","upstream","53","18","71","35","false"
"backend/open_webui/routers/chat_artifacts.py","production","new","614","0","614","614","false"
"backend/open_webui/routers/chats.py","production","upstream","6","0","6","6","false"
"backend/open_webui/routers/files.py","production","upstream","6","0","6","6","false"
"backend/open_webui/routers/notes.py","production","upstream","13","1","14","12","false"
"backend/open_webui/socket/main.py","production","upstream","21","1","22","20","false"
"backend/open_webui/tools/builtin.py","production","upstream","968","0","968","968","false"
"backend/open_webui/utils/artifact_context.py","production","new","41","0","41","41","false"
"backend/open_webui/utils/canvas.py","production","new","526","0","526","526","false"
"backend/open_webui/utils/context_compaction.py","production","upstream","19","2","21","17","false"
"backend/open_webui/utils/middleware.py","production","upstream","169","8","177","161","false"
"backend/open_webui/utils/misc.py","production","upstream","14","0","14","14","false"
"backend/open_webui/utils/tool_approval.py","production","upstream","121","74","195","47","false"
"backend/open_webui/utils/tools.py","production","upstream","89","11","100","78","false"
"backend/open_webui/utils/web_preview.py","production","new","415","0","415","415","false"
"backend/open_webui/utils/workspace_context.py","production","new","540","0","540","540","false"
"backend/open_webui/utils/workspace_outputs.py","production","new","108","0","108","108","false"
"backend/tests/conftest.py","tests","new","22","0","22","22","false"
"backend/tests/test_app_config.py","tests","new","15","0","15","15","false"
"backend/tests/test_approval_continuation.py","tests","new","328","0","328","328","false"
"backend/tests/test_artifact_changes.py","tests","new","76","0","76","76","false"
"backend/tests/test_artifact_mutations.py","tests","new","128","0","128","128","false"
"backend/tests/test_builtin_permissions_matrix.py","tests","new","336","0","336","336","false"
"backend/tests/test_canvas_context.py","tests","new","779","0","779","779","false"
"backend/tests/test_tool_approval_atomic.py","tests","new","252","0","252","252","false"
"backend/tests/test_web_preview.py","tests","new","632","0","632","632","false"
"backend/tests/test_workspace_context_budget.py","tests","new","409","0","409","409","false"
"backend/tests/test_workspace_file_context.py","tests","new","80","0","80","80","false"
"backend/tests/test_workspace_history.py","tests","new","160","0","160","160","false"
"backend/tests/test_workspace_outputs.py","tests","new","119","0","119","119","false"
"backend/tests/test_workspace_persistence.py","tests","new","647","0","647","647","false"
"docker-compose.yaml","tooling-config","upstream","1","0","1","1","false"
"docs/superpowers/specs/2026-08-16-koby-document-viewer-production-readiness.md","docs","new","165","0","165","165","false"
"docs/superpowers/specs/2026-08-16-koby-document-viewer-support.md","docs","new","81","0","81","81","false"
"docs/superpowers/specs/2026-08-18-koby-unified-workspace-specification.md","docs","new","1018","0","1018","1018","false"
"docs/superpowers/specs/2026-09-01-koby-artifact-workspace-acceptance-criteria.md","docs","new","650","0","650","650","false"
"docs/workspace-qa-2026-09-23.md","docs","new","92","0","92","92","false"
"package-lock.json","lockfile","upstream","88","0","88","88","false"
"package.json","tooling-config","upstream","11","1","12","10","false"
"playwright.config.ts","tests","new","24","0","24","24","false"
"playwright.workspace.config.ts","tests","new","16","0","16","16","false"
"scripts/check-viewer-bundle.mjs","tooling-config","new","104","0","104","104","false"
"scripts/check-viewer-bundle.test.mjs","tests","new","63","0","63","63","false"
"scripts/check-viewer-dependencies.mjs","tooling-config","new","65","0","65","65","false"
"scripts/check-viewer-dependencies.test.mjs","tests","new","37","0","37","37","false"
"scripts/generate-viewer-large-profiles.py","tooling-config","new","331","0","331","331","false"
"scripts/prepare-pyodide.js","tooling-config","upstream","15","14","29","1","false"
"scripts/run-viewer-tests.test.mjs","tests","new","28","0","28","28","false"
"scripts/test-workspace-permissions.mjs","tooling-config","new","86","0","86","86","false"
"scripts/validate-release-workflow.test.mjs","tests","new","21","0","21","21","false"
"src/lib/apis/artifacts/index.ts","production","new","96","0","96","96","false"
"src/lib/apis/chats/index.test.ts","tests","new","75","0","75","75","false"
"src/lib/apis/chats/index.ts","production","upstream","10","1","11","9","false"
"src/lib/components/admin/Settings/Integrations.svelte","production","upstream","2","6","8","-4","false"
"src/lib/components/admin/Settings/Models/ModelDefaultsPanel.svelte","production","upstream","1","1","2","0","false"
"src/lib/components/chat/Artifacts.svelte","production","upstream","4","275","279","-271","false"
"src/lib/components/chat/Artifacts/ArtifactComparison.svelte","production","new","31","0","31","31","false"
"src/lib/components/chat/Artifacts/ArtifactConflict.svelte","production","new","43","0","43","43","false"
"src/lib/components/chat/Artifacts/CanvasDocumentChanges.svelte","production","new","209","0","209","209","false"
"src/lib/components/chat/Artifacts/CanvasEditor.svelte","production","new","524","0","524","524","false"
"src/lib/components/chat/Artifacts/CanvasSelectionEditor.svelte","production","new","122","0","122","122","false"
"src/lib/components/chat/Artifacts/DocumentViewer/DocumentFileViewer.svelte","production","new","519","0","519","519","false"
"src/lib/components/chat/Artifacts/DocumentViewer/pyodideFileRead.test.ts","tests","new","152","0","152","152","false"
"src/lib/components/chat/Artifacts/DocumentViewer/pyodideFileRead.ts","production","new","40","0","40","40","false"
"src/lib/components/chat/Artifacts/DocumentViewer/security.test.ts","tests","new","154","0","154","154","false"
"src/lib/components/chat/Artifacts/NoteCanvas.svelte","production","new","341","0","341","341","false"
"src/lib/components/chat/Artifacts/WebPreviewRenderer.svelte","production","new","721","0","721","721","false"
"src/lib/components/chat/Artifacts/WorkspaceDocumentPanels.svelte","production","new","28","0","28","28","false"
"src/lib/components/chat/Artifacts/WorkspaceHost.svelte","production","new","638","0","638","638","false"
"src/lib/components/chat/Artifacts/WorkspaceTabs.svelte","production","new","268","0","268","268","false"
"src/lib/components/chat/Artifacts/artifactChanges.test.ts","tests","new","34","0","34","34","false"
"src/lib/components/chat/Artifacts/artifactEditing.test.ts","tests","new","97","0","97","97","false"
"src/lib/components/chat/Artifacts/artifactEditing.ts","production","new","63","0","63","63","false"
"src/lib/components/chat/Artifacts/canvas.test.ts","tests","new","493","0","493","493","false"
"src/lib/components/chat/Artifacts/canvas.ts","production","new","239","0","239","239","false"
"src/lib/components/chat/Artifacts/canvasChangeDecorations.test.ts","tests","new","44","0","44","44","false"
"src/lib/components/chat/Artifacts/canvasChangeDecorations.ts","production","new","84","0","84","84","false"
"src/lib/components/chat/Artifacts/canvasSelectionRequest.test.ts","tests","new","82","0","82","82","false"
"src/lib/components/chat/Artifacts/canvasSelectionRequest.ts","production","new","54","0","54","54","false"
"src/lib/components/chat/Artifacts/canvasSelectionSource.test.ts","tests","new","40","0","40","40","false"
"src/lib/components/chat/Artifacts/canvasSelectionSource.ts","production","new","103","0","103","103","false"
"src/lib/components/chat/Artifacts/chatArtifacts.test.ts","tests","new","166","0","166","166","false"
"src/lib/components/chat/Artifacts/chatArtifacts.ts","production","new","273","0","273","273","false"
"src/lib/components/chat/Artifacts/previewDiagnostics.ts","production","new","37","0","37","37","false"
"src/lib/components/chat/Artifacts/serializedSaveQueue.test.ts","tests","new","180","0","180","180","false"
"src/lib/components/chat/Artifacts/serializedSaveQueue.ts","production","new","126","0","126","126","false"
"src/lib/components/chat/Artifacts/webPreview.test.ts","tests","new","442","0","442","442","false"
"src/lib/components/chat/Artifacts/webPreview.ts","production","new","339","0","339","339","false"
"src/lib/components/chat/Artifacts/webPreviewSandbox.test.ts","tests","new","35","0","35","35","false"
"src/lib/components/chat/Artifacts/webPreviewSandbox.ts","production","new","22","0","22","22","false"
"src/lib/components/chat/Artifacts/workspace.test.ts","tests","new","245","0","245","245","false"
"src/lib/components/chat/Artifacts/workspace.ts","production","new","292","0","292","292","false"
"src/lib/components/chat/Artifacts/workspaceDisplay.test.ts","tests","new","115","0","115","115","false"
"src/lib/components/chat/Artifacts/workspaceDisplay.ts","production","new","63","0","63","63","false"
"src/lib/components/chat/Artifacts/workspaceHydration.test.ts","tests","new","154","0","154","154","false"
"src/lib/components/chat/Artifacts/workspaceOutput.ts","production","new","181","0","181","181","false"
"src/lib/components/chat/Artifacts/workspaceOutputPersistence.test.ts","tests","new","179","0","179","179","false"
"src/lib/components/chat/Artifacts/workspaceOutputPersistence.ts","production","new","238","0","238","238","false"
"src/lib/components/chat/Artifacts/workspaceOutputs.test.ts","tests","new","511","0","511","511","false"
"src/lib/components/chat/Artifacts/workspaceOutputs.ts","production","new","333","0","333","333","false"
"src/lib/components/chat/Artifacts/workspaceSession.test.ts","tests","new","126","0","126","126","false"
"src/lib/components/chat/Artifacts/workspaceSession.ts","production","new","94","0","94","94","false"
"src/lib/components/chat/Chat.svelte","production","upstream","413","213","626","200","false"
"src/lib/components/chat/ChatControls.svelte","production","upstream","73","377","450","-304","false"
"src/lib/components/chat/FileNav.svelte","production","upstream","5","0","5","5","false"
"src/lib/components/chat/FileNav/FileCodeEditor.svelte","production","upstream","14","1","15","13","false"
"src/lib/components/chat/FileNav/FileEntryRow.svelte","production","upstream","44","25","69","19","false"
"src/lib/components/chat/FileNav/FileNavToolbar.svelte","production","upstream","73","62","135","11","false"
"src/lib/components/chat/FileNav/FilePreview.svelte","production","upstream","4","0","4","4","false"
"src/lib/components/chat/FileNav/FileTypeIcon.svelte","production","upstream","2","3","5","-1","false"
"src/lib/components/chat/FileNav/Icon.svelte","production","upstream","0","9","9","-9","false"
"src/lib/components/chat/FileNav/fileIcon.test.ts","tests","new","24","0","24","24","false"
"src/lib/components/chat/FileNav/fileIcon.ts","production","upstream","13","0","13","13","false"
"src/lib/components/chat/MessageInput.svelte","production","upstream","2","66","68","-64","false"
"src/lib/components/chat/MessageInput/InputMenu.svelte","production","upstream","6","1","7","5","false"
"src/lib/components/chat/MessageInput/IntegrationsMenu.svelte","production","upstream","0","29","29","-29","false"
"src/lib/components/chat/Messages/ArtifactActivity.svelte","production","new","83","0","83","83","false"
"src/lib/components/chat/Messages/CanvasActivity.svelte","production","new","23","0","23","23","false"
"src/lib/components/chat/Messages/CanvasPreview.svelte","production","new","121","0","121","121","false"
"src/lib/components/chat/Messages/CodeBlock.svelte","production","upstream","97","147","244","-50","false"
"src/lib/components/chat/Messages/ContentRenderer.svelte","production","upstream","9","59","68","-50","false"
"src/lib/components/chat/Messages/Markdown/ColonFenceBlock.svelte","production","upstream","4","0","4","4","false"
"src/lib/components/chat/Messages/Markdown/MarkdownInlineTokens/CodespanToken.svelte","production","upstream","47","13","60","34","false"
"src/lib/components/chat/Messages/Markdown/MarkdownTokens.svelte","production","upstream","7","2","9","5","false"
"src/lib/components/chat/Messages/ResponseMessage.svelte","production","upstream","55","4","59","51","false"
"src/lib/components/chat/Messages/StructuredOutputRenderer.svelte","production","upstream","54","3","57","51","false"
"src/lib/components/chat/Messages/TerminalOutputFile.svelte","production","upstream","1","1","2","0","false"
"src/lib/components/chat/Messages/UserMessage.svelte","production","upstream","13","0","13","13","false"
"src/lib/components/chat/Messages/WebPreviewActivity.svelte","production","new","24","0","24","24","false"
"src/lib/components/chat/Messages/WebPreviewCard.svelte","production","new","42","0","42","42","false"
"src/lib/components/chat/Messages/WorkspaceOutputCard.svelte","production","new","51","0","51","51","false"
"src/lib/components/chat/Messages/WorkspaceSelectionQuote.svelte","production","new","28","0","28","28","false"
"src/lib/components/chat/Messages/structuredOutput.ts","production","upstream","52","6","58","46","false"
"src/lib/components/chat/Messages/workspaceArtifactOpen.test.ts","tests","new","152","0","152","152","false"
"src/lib/components/chat/Messages/workspaceArtifactOpen.ts","production","new","112","0","112","112","false"
"src/lib/components/chat/Navbar.svelte","production","upstream","34","15","49","19","false"
"src/lib/components/chat/Placeholder.svelte","production","upstream","0","2","2","-2","false"
"src/lib/components/chat/PyodideFileNav.svelte","production","upstream","347","129","476","218","false"
"src/lib/components/chat/Settings/Integrations.svelte","production","upstream","2","59","61","-57","false"
"src/lib/components/chat/WorkspaceOutputsMenu.svelte","production","new","127","0","127","127","false"
"src/lib/components/common/CodeEditor.svelte","production","upstream","22","14","36","8","false"
"src/lib/components/common/DocumentPagination.svelte","production","new","51","0","51","51","false"
"src/lib/components/common/DocumentZoomControls.svelte","production","new","34","0","34","34","false"
"src/lib/components/common/DocxPreview.svelte","production","upstream","109","73","182","36","false"
"src/lib/components/common/Dropdown.svelte","production","upstream","3","0","3","3","false"
"src/lib/components/common/OfficeDocumentPreview.svelte","production","new","239","0","239","239","false"
"src/lib/components/common/PDFViewer.svelte","production","upstream","112","132","244","-20","false"
"src/lib/components/common/PptxPreview.svelte","production","upstream","22","10","32","12","false"
"src/lib/components/common/ResizableSidePanel.svelte","production","upstream","9","3","12","6","false"
"src/lib/components/common/RichTextInput.svelte","production","upstream","42","8","50","34","false"
"src/lib/components/common/RichTextInput/Collaboration.ts","production","upstream","51","31","82","20","false"
"src/lib/components/common/Selector.svelte","production","upstream","2","0","2","2","false"
"src/lib/components/common/ToolCallDisplay.svelte","production","upstream","14","2","16","12","false"
"src/lib/components/common/documentSecurity.ts","production","new","174","0","174","174","false"
"src/lib/components/common/documentZoom.test.ts","tests","new","29","0","29","29","false"
"src/lib/components/common/documentZoom.ts","production","new","16","0","16","16","false"
"src/lib/components/common/richTextInputCollaboration.test.ts","tests","new","11","0","11","11","false"
"src/lib/components/icons/Sidebar.svelte","production","upstream","6","3","9","3","false"
"src/lib/components/notes/NoteEditor.svelte","production","upstream","362","303","665","59","false"
"src/lib/components/workspace/Models/BuiltinTools.svelte","production","upstream","24","1","25","23","false"
"src/lib/components/workspace/Models/Capabilities.svelte","production","upstream","22","0","22","22","false"
"src/lib/components/workspace/Models/ModelEditor.svelte","production","upstream","8","3","11","5","false"
"src/lib/constants.ts","production","upstream","2","0","2","2","false"
"src/lib/i18n/locales/de-DE/translation.json","translations","upstream","35","0","35","35","false"
"src/lib/i18n/locales/en-GB/translation.json","translations","upstream","16","2","18","14","false"
"src/lib/i18n/locales/en-US/translation.json","translations","upstream","16","2","18","14","false"
"src/lib/i18n/locales/fr-FR/translation.json","translations","upstream","14","0","14","14","false"
"src/lib/i18n/locales/it-IT/translation.json","translations","upstream","14","0","14","14","false"
"src/lib/pyodide/pyodideSandboxHost.ts","production","upstream","210","47","257","163","false"
"src/lib/pyodide/readWorkspaceText.test.ts","tests","new","68","0","68","68","false"
"src/lib/pyodide/readWorkspaceText.ts","production","new","23","0","23","23","false"
"src/lib/pyodide/runtimeTimeouts.ts","production","new","25","0","25","25","false"
"src/lib/pyodide/workerRequest.test.ts","tests","new","60","0","60","60","false"
"src/lib/pyodide/workerRequest.ts","production","new","77","0","77","77","false"
"src/lib/pyodide/workspace.test.ts","tests","new","99","0","99","99","false"
"src/lib/pyodide/workspace.ts","production","new","62","0","62","62","false"
"src/lib/stores/artifactWorkspace.ts","production","new","34","0","34","34","false"
"src/lib/stores/index.ts","production","upstream","23","4","27","19","false"
"src/lib/utils/excelToTable.ts","production","upstream","9","3","12","6","false"
"src/lib/utils/index.ts","production","upstream","18","4","22","14","false"
"src/lib/workers/pyodide.worker.ts","production","upstream","267","133","400","134","false"
"src/routes/+layout.svelte","production","upstream","165","70","235","95","false"
"tests/document-viewer/harness/index.html","tests","new","12","0","12","12","false"
"tests/document-viewer/harness/src/Harness.svelte","tests","new","189","0","189","189","false"
"tests/document-viewer/harness/src/app-environment.ts","tests","new","2","0","2","2","false"
"tests/document-viewer/harness/src/main.ts","tests","new","7","0","7","7","false"
"tests/document-viewer/harness/src/pyodide-worker.ts","tests","new","48","0","48","48","false"
"tests/document-viewer/harness/vite.config.ts","tests","new","156","0","156","156","false"
"tests/document-viewer/viewer.spec.ts","tests","new","780","0","780","780","false"
"tests/fixtures/document-viewer/adversarial/README.md","tests","new","13","0","13","13","false"
"tests/fixtures/document-viewer/docx/basic.docx","tests","new","0","0","0","0","true"
"tests/fixtures/document-viewer/generator.test.py","tests","new","114","0","114","114","false"
"tests/fixtures/document-viewer/manifest.json","tests","new","50","0","50","50","false"
"tests/fixtures/document-viewer/manifest.test.mjs","tests","new","67","0","67","67","false"
"tests/fixtures/document-viewer/pdf/basic.pdf","tests","new","0","0","0","0","true"
"tests/fixtures/document-viewer/pptx/basic.pptx","tests","new","0","0","0","0","true"
"tests/workspace/notes.spec.ts","tests","new","294","0","294","294","false"
"tests/workspace/permissions.spec.ts","tests","new","159","0","159","159","false"
"tests/workspace/pyodide-sandbox.spec.ts","tests","new","128","0","128","128","false"
"tests/workspace/ui.ts","tests","new","16","0","16","16","false"
"tests/workspace/workspace.spec.ts","tests","new","1616","0","1616","1616","false"
"vite.config.ts","tooling-config","upstream","30","24","54","6","false"
